
<annotation>
    <folder>images</folder>
    <filename>road234.png</filename>
    <size>
        <width>300</width>
        <height>400</height>
        <depth>3</depth>
    </size>
    <segmented>0</segmented>
    <object>
        <name>speedlimit-100</name>
        <pose>Unspecified</pose>
        <truncated>0</truncated>
        <occluded>0</occluded>
        <difficult>0</difficult>
        <bndbox>
            <xmin>142</xmin>
            <ymin>249</ymin>
            <xmax>153</xmax>
            <ymax>260</ymax>
        </bndbox>
    </object>
    <object>
        <name>speedlimit-120</name>
        <pose>Unspecified</pose>
        <truncated>0</truncated>
        <occluded>0</occluded>
        <difficult>0</difficult>
        <bndbox>
            <xmin>156</xmin>
            <ymin>248</ymin>
            <xmax>167</xmax>
            <ymax>260</ymax>
        </bndbox>
    </object>
</annotation>