
<annotation>
    <folder>images</folder>
    <filename>road120.png</filename>
    <size>
        <width>400</width>
        <height>283</height>
        <depth>3</depth>
    </size>
    <segmented>0</segmented>
    <object>
        <name>speedlimit</name>
        <pose>Unspecified</pose>
        <truncated>0</truncated>
        <occluded>0</occluded>
        <difficult>0</difficult>
        <bndbox>
            <xmin>79</xmin>
            <ymin>20</ymin>
            <xmax>230</xmax>
            <ymax>229</ymax>
        </bndbox>
	<speedlimit>30</speedlimit>
    </object>
</annotation>