
<annotation>
    <folder>images</folder>
    <filename>road315.png</filename>
    <size>
        <width>300</width>
        <height>400</height>
        <depth>3</depth>
    </size>
    <segmented>0</segmented>
    <object>
        <name>crosswalk</name>
        <pose>Unspecified</pose>
        <truncated>0</truncated>
        <occluded>0</occluded>
        <difficult>0</difficult>
        <bndbox>
            <xmin>56</xmin>
            <ymin>238</ymin>
            <xmax>73</xmax>
            <ymax>256</ymax>
        </bndbox>
    </object>
    <object>
        <name>speedlimit-40</name>
        <pose>Unspecified</pose>
        <truncated>0</truncated>
        <occluded>0</occluded>
        <difficult>0</difficult>
        <bndbox>
            <xmin>122</xmin>
            <ymin>168</ymin>
            <xmax>156</xmax>
            <ymax>202</ymax>
        </bndbox>
    </object>
</annotation>