
<annotation>
    <folder>images</folder>
    <filename>road237.png</filename>
    <size>
        <width>300</width>
        <height>400</height>
        <depth>3</depth>
    </size>
    <segmented>0</segmented>
    <object>
        <name>speedlimit-100</name>
        <pose>Unspecified</pose>
        <truncated>0</truncated>
        <occluded>0</occluded>
        <difficult>0</difficult>
        <bndbox>
            <xmin>125</xmin>
            <ymin>158</ymin>
            <xmax>140</xmax>
            <ymax>174</ymax>
        </bndbox>
    </object>
    <object>
        <name>speedlimit-120</name>
        <pose>Unspecified</pose>
        <truncated>0</truncated>
        <occluded>0</occluded>
        <difficult>0</difficult>
        <bndbox>
            <xmin>144</xmin>
            <ymin>159</ymin>
            <xmax>157</xmax>
            <ymax>173</ymax>
        </bndbox>
    </object>
</annotation>