
<annotation>
    <folder>images</folder>
    <filename>road232.png</filename>
    <size>
        <width>300</width>
        <height>400</height>
        <depth>3</depth>
    </size>
    <segmented>0</segmented>
    <object>
        <name>speedlimit-100</name>
        <pose>Unspecified</pose>
        <truncated>0</truncated>
        <occluded>0</occluded>
        <difficult>0</difficult>
        <bndbox>
            <xmin>127</xmin>
            <ymin>221</ymin>
            <xmax>142</xmax>
            <ymax>234</ymax>
        </bndbox>
    </object>
    <object>
        <name>speedlimit-120</name>
        <pose>Unspecified</pose>
        <truncated>0</truncated>
        <occluded>0</occluded>
        <difficult>0</difficult>
        <bndbox>
            <xmin>144</xmin>
            <ymin>222</ymin>
            <xmax>156</xmax>
            <ymax>234</ymax>
        </bndbox>
    </object>
</annotation>