
<annotation>
    <folder>images</folder>
    <filename>road393.png</filename>
    <size>
        <width>300</width>
        <height>400</height>
        <depth>3</depth>
    </size>
    <segmented>0</segmented>
    <object>
        <name>speedlimit-100</name>
        <pose>Unspecified</pose>
        <truncated>0</truncated>
        <occluded>0</occluded>
        <difficult>0</difficult>
        <bndbox>
            <xmin>147</xmin>
            <ymin>255</ymin>
            <xmax>180</xmax>
            <ymax>289</ymax>
        </bndbox>
    </object>
</annotation>