
<annotation>
    <folder>images</folder>
    <filename>road227.png</filename>
    <size>
        <width>300</width>
        <height>400</height>
        <depth>3</depth>
    </size>
    <segmented>0</segmented>
    <object>
        <name>speedlimit-80</name>
        <pose>Unspecified</pose>
        <truncated>0</truncated>
        <occluded>0</occluded>
        <difficult>0</difficult>
        <bndbox>
            <xmin>141</xmin>
            <ymin>181</ymin>
            <xmax>153</xmax>
            <ymax>193</ymax>
        </bndbox>
    </object>
    <object>
        <name>speedlimit-100</name>
        <pose>Unspecified</pose>
        <truncated>0</truncated>
        <occluded>0</occluded>
        <difficult>0</difficult>
        <bndbox>
            <xmin>157</xmin>
            <ymin>183</ymin>
            <xmax>168</xmax>
            <ymax>194</ymax>
        </bndbox>
    </object>
</annotation>