
<annotation>
    <folder>images</folder>
    <filename>road107.png</filename>
    <size>
        <width>320</width>
        <height>400</height>
        <depth>3</depth>
    </size>
    <segmented>0</segmented>
    <object>
        <name>speedlimit</name>
        <pose>Unspecified</pose>
        <truncated>0</truncated>
        <occluded>0</occluded>
        <difficult>0</difficult>
        <bndbox>
            <xmin>90</xmin>
            <ymin>37</ymin>
            <xmax>233</xmax>
            <ymax>232</ymax>
        </bndbox>
	<speedlimit>40</speedlimit>
    </object>
</annotation>