
<annotation>
    <folder>images</folder>
    <filename>road243.png</filename>
    <size>
        <width>300</width>
        <height>400</height>
        <depth>3</depth>
    </size>
    <segmented>0</segmented>
    <object>
        <name>speedlimit-80</name>
        <pose>Unspecified</pose>
        <truncated>0</truncated>
        <occluded>0</occluded>
        <difficult>0</difficult>
        <bndbox>
            <xmin>138</xmin>
            <ymin>239</ymin>
            <xmax>150</xmax>
            <ymax>250</ymax>
        </bndbox>
    </object>
    <object>
        <name>speedlimit-100</name>
        <pose>Unspecified</pose>
        <truncated>0</truncated>
        <occluded>0</occluded>
        <difficult>0</difficult>
        <bndbox>
            <xmin>152</xmin>
            <ymin>239</ymin>
            <xmax>163</xmax>
            <ymax>250</ymax>
        </bndbox>
    </object>
</annotation>