
<annotation>
    <folder>images</folder>
    <filename>road105.png</filename>
    <size>
        <width>300</width>
        <height>400</height>
        <depth>3</depth>
    </size>
    <segmented>0</segmented>
    <object>
        <name>speedlimit</name>
        <pose>Unspecified</pose>
        <truncated>0</truncated>
        <occluded>0</occluded>
        <difficult>0</difficult>
        <bndbox>
            <xmin>27</xmin>
            <ymin>146</ymin>
            <xmax>281</xmax>
            <ymax>377</ymax>
        </bndbox>
	<speedlimit>40</speedlimit>
    </object>
</annotation>