
<annotation>
    <folder>images</folder>
    <filename>road302.png</filename>
    <size>
        <width>300</width>
        <height>400</height>
        <depth>3</depth>
    </size>
    <segmented>0</segmented>
    <object>
        <name>stop</name>
        <pose>Unspecified</pose>
        <truncated>0</truncated>
        <occluded>0</occluded>
        <difficult>0</difficult>
        <bndbox>
            <xmin>154</xmin>
            <ymin>137</ymin>
            <xmax>183</xmax>
            <ymax>167</ymax>
        </bndbox>
    </object>
    <object>
        <name>speedlimit-5</name>
        <pose>Unspecified</pose>
        <truncated>0</truncated>
        <occluded>0</occluded>
        <difficult>0</difficult>
        <bndbox>
            <xmin>158</xmin>
            <ymin>167</ymin>
            <xmax>187</xmax>
            <ymax>198</ymax>
        </bndbox>
    </object>
</annotation>