
<annotation>
    <folder>images</folder>
    <filename>road312.png</filename>
    <size>
        <width>300</width>
        <height>400</height>
        <depth>3</depth>
    </size>
    <segmented>0</segmented>
    <object>
        <name>speedlimit-40</name>
        <pose>Unspecified</pose>
        <truncated>0</truncated>
        <occluded>0</occluded>
        <difficult>0</difficult>
        <bndbox>
            <xmin>7</xmin>
            <ymin>36</ymin>
            <xmax>167</xmax>
            <ymax>267</ymax>
        </bndbox>
    </object>
</annotation>