
<annotation>
    <folder>images</folder>
    <filename>road548.png</filename>
    <size>
        <width>300</width>
        <height>400</height>
        <depth>3</depth>
    </size>
    <segmented>0</segmented>
    <object>
        <name>crosswalk</name>
        <pose>Unspecified</pose>
        <truncated>0</truncated>
        <occluded>0</occluded>
        <difficult>0</difficult>
        <bndbox>
            <xmin>60</xmin>
            <ymin>314</ymin>
            <xmax>132</xmax>
            <ymax>391</ymax>
        </bndbox>
    </object>
    <object>
        <name>speedlimit-40</name>
        <pose>Unspecified</pose>
        <truncated>0</truncated>
        <occluded>0</occluded>
        <difficult>0</difficult>
        <bndbox>
            <xmin>109</xmin>
            <ymin>96</ymin>
            <xmax>188</xmax>
            <ymax>175</ymax>
        </bndbox>
    </object>
</annotation>