
<annotation>
    <folder>images</folder>
    <filename>road231.png</filename>
    <size>
        <width>300</width>
        <height>400</height>
        <depth>3</depth>
    </size>
    <segmented>0</segmented>
    <object>
        <name>speedlimit-80</name>
        <pose>Unspecified</pose>
        <truncated>0</truncated>
        <occluded>0</occluded>
        <difficult>0</difficult>
        <bndbox>
            <xmin>128</xmin>
            <ymin>195</ymin>
            <xmax>149</xmax>
            <ymax>216</ymax>
        </bndbox>
    </object>
    <object>
        <name>speedlimit-100</name>
        <pose>Unspecified</pose>
        <truncated>0</truncated>
        <occluded>0</occluded>
        <difficult>0</difficult>
        <bndbox>
            <xmin>153</xmin>
            <ymin>195</ymin>
            <xmax>173</xmax>
            <ymax>214</ymax>
        </bndbox>
    </object>
</annotation>