
<annotation>
    <folder>images</folder>
    <filename>road235.png</filename>
    <size>
        <width>300</width>
        <height>400</height>
        <depth>3</depth>
    </size>
    <segmented>0</segmented>
    <object>
        <name>speedlimit-100</name>
        <pose>Unspecified</pose>
        <truncated>0</truncated>
        <occluded>0</occluded>
        <difficult>0</difficult>
        <bndbox>
            <xmin>136</xmin>
            <ymin>227</ymin>
            <xmax>151</xmax>
            <ymax>241</ymax>
        </bndbox>
    </object>
    <object>
        <name>speedlimit-120</name>
        <pose>Unspecified</pose>
        <truncated>0</truncated>
        <occluded>0</occluded>
        <difficult>0</difficult>
        <bndbox>
            <xmin>120</xmin>
            <ymin>227</ymin>
            <xmax>134</xmax>
            <ymax>242</ymax>
        </bndbox>
    </object>
</annotation>