
<annotation>
    <folder>images</folder>
    <filename>road169.png</filename>
    <size>
        <width>300</width>
        <height>400</height>
        <depth>3</depth>
    </size>
    <segmented>0</segmented>
    <object>
        <name>speedlimit</name>
        <pose>Unspecified</pose>
        <truncated>0</truncated>
        <occluded>0</occluded>
        <difficult>0</difficult>
        <bndbox>
            <xmin>55</xmin>
            <ymin>193</ymin>
            <xmax>104</xmax>
            <ymax>255</ymax>
        </bndbox>
	<speedlimit>5</speedlimit>
    </object>
</annotation>