
<annotation>
    <folder>images</folder>
    <filename>road114.png</filename>
    <size>
        <width>400</width>
        <height>247</height>
        <depth>3</depth>
    </size>
    <segmented>0</segmented>
    <object>
        <name>speedlimit-50</name>
        <pose>Unspecified</pose>
        <truncated>0</truncated>
        <occluded>0</occluded>
        <difficult>0</difficult>
        <bndbox>
            <xmin>254</xmin>
            <ymin>32</ymin>
            <xmax>319</xmax>
            <ymax>102</ymax>
        </bndbox>
    </object>
</annotation>