
<annotation>
    <folder>images</folder>
    <filename>road244.png</filename>
    <size>
        <width>300</width>
        <height>400</height>
        <depth>3</depth>
    </size>
    <segmented>0</segmented>
    <object>
        <name>speedlimit-80</name>
        <pose>Unspecified</pose>
        <truncated>0</truncated>
        <occluded>0</occluded>
        <difficult>0</difficult>
        <bndbox>
            <xmin>155</xmin>
            <ymin>212</ymin>
            <xmax>174</xmax>
            <ymax>231</ymax>
        </bndbox>
    </object>
    <object>
        <name>speedlimit-100</name>
        <pose>Unspecified</pose>
        <truncated>0</truncated>
        <occluded>0</occluded>
        <difficult>0</difficult>
        <bndbox>
            <xmin>176</xmin>
            <ymin>212</ymin>
            <xmax>193</xmax>
            <ymax>230</ymax>
        </bndbox>
    </object>
</annotation>