
<annotation>
    <folder>images</folder>
    <filename>road108.png</filename>
    <size>
        <width>400</width>
        <height>246</height>
        <depth>3</depth>
    </size>
    <segmented>0</segmented>
    <object>
        <name>speedlimit-50</name>
        <pose>Unspecified</pose>
        <truncated>0</truncated>
        <occluded>0</occluded>
        <difficult>0</difficult>
        <bndbox>
            <xmin>174</xmin>
            <ymin>128</ymin>
            <xmax>186</xmax>
            <ymax>139</ymax>
        </bndbox>
    </object>
</annotation>