
<annotation>
    <folder>images</folder>
    <filename>road222.png</filename>
    <size>
        <width>300</width>
        <height>400</height>
        <depth>3</depth>
    </size>
    <segmented>0</segmented>
    <object>
        <name>speedlimit-80</name>
        <pose>Unspecified</pose>
        <truncated>0</truncated>
        <occluded>0</occluded>
        <difficult>0</difficult>
        <bndbox>
            <xmin>154</xmin>
            <ymin>188</ymin>
            <xmax>168</xmax>
            <ymax>201</ymax>
        </bndbox>
    </object>
</annotation>