
<annotation>
    <folder>images</folder>
    <filename>road103.png</filename>
    <size>
        <width>400</width>
        <height>301</height>
        <depth>3</depth>
    </size>
    <segmented>0</segmented>
    <object>
        <name>speedlimit-50</name>
        <pose>Unspecified</pose>
        <truncated>0</truncated>
        <occluded>0</occluded>
        <difficult>0</difficult>
        <bndbox>
            <xmin>89</xmin>
            <ymin>25</ymin>
            <xmax>297</xmax>
            <ymax>272</ymax>
        </bndbox>
    </object>
</annotation>