
<annotation>
    <folder>images</folder>
    <filename>road318.png</filename>
    <size>
        <width>300</width>
        <height>400</height>
        <depth>3</depth>
    </size>
    <segmented>0</segmented>
    <object>
        <name>crosswalk</name>
        <pose>Unspecified</pose>
        <truncated>0</truncated>
        <occluded>0</occluded>
        <difficult>0</difficult>
        <bndbox>
            <xmin>68</xmin>
            <ymin>211</ymin>
            <xmax>165</xmax>
            <ymax>307</ymax>
        </bndbox>
    </object>
    <object>
        <name>speedlimit-40</name>
        <pose>Unspecified</pose>
        <truncated>0</truncated>
        <occluded>0</occluded>
        <difficult>0</difficult>
        <bndbox>
            <xmin>66</xmin>
            <ymin>92</ymin>
            <xmax>163</xmax>
            <ymax>188</ymax>
        </bndbox>
    </object>
</annotation>