
<annotation>
    <folder>images</folder>
    <filename>road118.png</filename>
    <size>
        <width>400</width>
        <height>267</height>
        <depth>3</depth>
    </size>
    <segmented>0</segmented>
    <object>
        <name>speedlimit-70</name>
        <pose>Unspecified</pose>
        <truncated>0</truncated>
        <occluded>0</occluded>
        <difficult>0</difficult>
        <bndbox>
            <xmin>182</xmin>
            <ymin>12</ymin>
            <xmax>394</xmax>
            <ymax>224</ymax>
        </bndbox>
    </object>
</annotation>