
<annotation>
    <folder>images</folder>
    <filename>road101.png</filename>
    <size>
        <width>400</width>
        <height>200</height>
        <depth>3</depth>
    </size>
    <segmented>0</segmented>
    <object>
        <name>speedlimit-40</name>
        <pose>Unspecified</pose>
        <truncated>0</truncated>
        <occluded>0</occluded>
        <difficult>0</difficult>
        <bndbox>
            <xmin>195</xmin>
            <ymin>7</ymin>
            <xmax>392</xmax>
            <ymax>194</ymax>
        </bndbox>
    </object>
</annotation>