
<annotation>
    <folder>images</folder>
    <filename>road233.png</filename>
    <size>
        <width>300</width>
        <height>400</height>
        <depth>3</depth>
    </size>
    <segmented>0</segmented>
    <object>
        <name>speedlimit-100</name>
        <pose>Unspecified</pose>
        <truncated>0</truncated>
        <occluded>0</occluded>
        <difficult>0</difficult>
        <bndbox>
            <xmin>124</xmin>
            <ymin>194</ymin>
            <xmax>143</xmax>
            <ymax>214</ymax>
        </bndbox>
    </object>
    <object>
        <name>speedlimit-120</name>
        <pose>Unspecified</pose>
        <truncated>0</truncated>
        <occluded>0</occluded>
        <difficult>0</difficult>
        <bndbox>
            <xmin>147</xmin>
            <ymin>196</ymin>
            <xmax>163</xmax>
            <ymax>213</ymax>
        </bndbox>
    </object>
</annotation>