
<annotation>
    <folder>images</folder>
    <filename>road102.png</filename>
    <size>
        <width>400</width>
        <height>267</height>
        <depth>3</depth>
    </size>
    <segmented>0</segmented>
    <object>
        <name>speedlimit</name>
        <pose>Unspecified</pose>
        <truncated>0</truncated>
        <occluded>0</occluded>
        <difficult>0</difficult>
        <bndbox>
            <xmin>37</xmin>
            <ymin>38</ymin>
            <xmax>243</xmax>
            <ymax>245</ymax>
        </bndbox>
	<speedlimit>10</speedlimit>
    </object>
</annotation>