
<annotation>
    <folder>images</folder>
    <filename>road323.png</filename>
    <size>
        <width>300</width>
        <height>400</height>
        <depth>3</depth>
    </size>
    <segmented>0</segmented>
    <object>
        <name>speedlimit-5</name>
        <pose>Unspecified</pose>
        <truncated>0</truncated>
        <occluded>0</occluded>
        <difficult>0</difficult>
        <bndbox>
            <xmin>136</xmin>
            <ymin>204</ymin>
            <xmax>220</xmax>
            <ymax>288</ymax>
        </bndbox>
    </object>
    <object>
        <name>stop</name>
        <pose>Unspecified</pose>
        <truncated>0</truncated>
        <occluded>0</occluded>
        <difficult>0</difficult>
        <bndbox>
            <xmin>131</xmin>
            <ymin>128</ymin>
            <xmax>208</xmax>
            <ymax>204</ymax>
        </bndbox>
    </object>
</annotation>