
<annotation>
    <folder>images</folder>
    <filename>road248.png</filename>
    <size>
        <width>300</width>
        <height>400</height>
        <depth>3</depth>
    </size>
    <segmented>0</segmented>
    <object>
        <name>speedlimit-120</name>
        <pose>Unspecified</pose>
        <truncated>0</truncated>
        <occluded>0</occluded>
        <difficult>0</difficult>
        <bndbox>
            <xmin>167</xmin>
            <ymin>205</ymin>
            <xmax>192</xmax>
            <ymax>229</ymax>
        </bndbox>
    </object>
    <object>
        <name>speedlimit-100</name>
        <pose>Unspecified</pose>
        <truncated>0</truncated>
        <occluded>0</occluded>
        <difficult>0</difficult>
        <bndbox>
            <xmin>170</xmin>
            <ymin>243</ymin>
            <xmax>193</xmax>
            <ymax>268</ymax>
        </bndbox>
    </object>
</annotation>