
<annotation>
    <folder>images</folder>
    <filename>road116.png</filename>
    <size>
        <width>400</width>
        <height>225</height>
        <depth>3</depth>
    </size>
    <segmented>0</segmented>
    <object>
        <name>speedlimit</name>
        <pose>Unspecified</pose>
        <truncated>0</truncated>
        <occluded>0</occluded>
        <difficult>0</difficult>
        <bndbox>
            <xmin>310</xmin>
            <ymin>29</ymin>
            <xmax>369</xmax>
            <ymax>79</ymax>
        </bndbox>
	<speedlimit>130</speedlimit>
    </object>
</annotation>